{
  "dice": {
    "种胚": 0.9246318253003032,
    "胚乳": 0.9764971925944608,
    "空腔": 0.836224134729823,
    "平均": 0.9124510508748623
  },
  "iou": {
    "种胚": 0.85982814728408,
    "胚乳": 0.9540737802857305,
    "空腔": 0.7185439737020917,
    "平均": 0.8441486337573006
  }
}